t,feet,ft/s,slip,ft/s/s,amps/10,Vm,20130924_2231 Kro=10.0 Krv= 0.0 Kf=0.9 Vspec=12.0 Tspec=343.4 Wspec= 5310 Ispec=133.0 Rcom=0.013 Vbat=12.70 Rone=0.002 n=4 G=12.75 r=3.0 M=150 uk=0.70 us=1.00
0,0,0,1,20.376836,17.01098,10.403518,http://www.chiefdelphi.com/media/papers/2868
0.001,0.00001,0.020377,1,20.376836,17.01098,10.403518,
0.002,0.000041,0.040754,1,20.376836,17.01098,10.403518,
0.003,0.000092,0.061131,1,20.376836,17.01098,10.403518,
0.004,0.000163,0.081507,1,20.376836,17.01098,10.403518,
0.005,0.000255,0.101884,1,20.376836,17.01098,10.403518,
0.006,0.000367,0.122261,1,20.376836,17.01098,10.403518,
0.007,0.000499,0.142638,1,20.376836,17.01098,10.403518,
0.008,0.000652,0.163015,1,20.376836,17.01098,10.403518,
0.009,0.000825,0.183392,1,20.376836,17.01098,10.403518,
0.01,0.001019,0.203768,1,20.376836,17.01098,10.403518,
0.011,0.001233,0.224145,1,20.376836,17.01098,10.403518,
0.012,0.001467,0.244522,1,20.376836,17.01098,10.403518,
0.013,0.001722,0.264899,1,20.376836,17.01098,10.403518,
0.014,0.001997,0.285276,1,20.376836,17.01098,10.403518,
0.015,0.002292,0.305653,1,20.376836,17.01098,10.403518,
0.016,0.002608,0.326029,1,20.376836,17.01098,10.403518,
0.017,0.002944,0.346406,1,20.376836,17.01098,10.403518,
0.018,0.003301,0.366783,1,20.376836,17.01098,10.403518,
0.019,0.003678,0.38716,1,20.376836,17.01098,10.403518,
0.02,0.004075,0.407537,1,20.376836,17.01098,10.403518,
0.021,0.004493,0.427914,1,20.376836,17.01098,10.403518,
0.022,0.004931,0.44829,1,20.376836,17.01098,10.403518,
0.023,0.00539,0.468667,1,20.376836,17.01098,10.403518,
0.024,0.005869,0.489044,1,20.376836,17.01098,10.403518,
0.025,0.006368,0.509421,1,20.376836,17.01098,10.403518,
0.026,0.006887,0.529798,1,20.376836,17.01098,10.403518,
0.027,0.007427,0.550175,1,20.376836,17.01098,10.403518,
0.028,0.007988,0.570551,1,20.376836,17.01098,10.403518,
0.029,0.008568,0.590928,1,20.376836,17.01098,10.403518,
0.03,0.00917,0.611305,1,20.376836,17.01098,10.403518,
0.031,0.009791,0.631682,1,20.376836,17.01098,10.403518,
0.032,0.010433,0.652059,1,20.376836,17.01098,10.403518,
0.033,0.011095,0.672436,1,20.376836,17.01098,10.403518,
0.034,0.011778,0.692812,1,20.376836,17.01098,10.403518,
0.035,0.012481,0.713189,1,20.376836,17.01098,10.403518,
0.036,0.013204,0.733566,1,20.376836,17.01098,10.403518,
0.037,0.013948,0.753943,1,20.376836,17.01098,10.403518,
0.038,0.014712,0.77432,1,20.376836,17.01098,10.403518,
0.039,0.015497,0.794697,1,20.376836,17.01098,10.403518,
0.04,0.016301,0.815073,1,20.376836,17.01098,10.403518,
0.041,0.017127,0.83545,1,20.376836,17.01098,10.403518,
0.042,0.017972,0.855827,1,20.376836,17.01098,10.403518,
0.043,0.018838,0.876204,1,20.376836,17.01098,10.403518,
0.044,0.019725,0.896581,1,20.376836,17.01098,10.403518,
0.045,0.020632,0.916958,1,20.376836,17.01098,10.403518,
0.046,0.021559,0.937334,1,20.376836,17.01098,10.403518,
0.047,0.022506,0.957711,1,20.376836,17.01098,10.403518,
0.048,0.023474,0.978088,1,20.376836,17.01098,10.403518,
0.049,0.024462,0.998465,1,20.376836,17.01098,10.403518,
0.05,0.025471,1.018842,1,20.376836,17.01098,10.403518,
0.051,0.0265,1.039219,1,20.376836,17.01098,10.403518,
0.052,0.027549,1.059595,1,20.376836,17.01098,10.403518,
0.053,0.028619,1.079972,1,20.376836,17.01098,10.403518,
0.054,0.029709,1.100349,1,20.376836,17.01098,10.403518,
0.055,0.03082,1.120726,1,20.376836,17.01098,10.403518,
0.056,0.031951,1.141103,1,20.376836,17.01098,10.403518,
0.057,0.033102,1.16148,1,20.376836,17.01098,10.403518,
0.058,0.034274,1.181856,1,20.376836,17.01098,10.403518,
0.059,0.035466,1.202233,1,20.376836,17.01098,10.403518,
0.06,0.036678,1.22261,1,20.376836,17.01098,10.403518,
0.061,0.037911,1.242987,1,20.376836,17.01098,10.403518,
0.062,0.039164,1.263364,1,20.376836,17.01098,10.403518,
0.063,0.040438,1.283741,1,20.376836,17.01098,10.403518,
0.064,0.041732,1.304117,1,20.376836,17.01098,10.403518,
0.065,0.043046,1.324494,1,20.376836,17.01098,10.403518,
0.066,0.044381,1.344871,1,20.376836,17.01098,10.403518,
0.067,0.045736,1.365248,1,20.376836,17.01098,10.403518,
0.068,0.047111,1.385625,1,20.376836,17.01098,10.403518,
0.069,0.048507,1.406002,1,20.376836,17.01098,10.403518,
0.07,0.049923,1.426379,1,20.376836,17.01098,10.403518,
0.071,0.05136,1.446755,1,20.376836,17.01098,10.403518,
0.072,0.052817,1.467132,1,20.376836,17.01098,10.403518,
0.073,0.054294,1.487509,1,20.376836,17.01098,10.403518,
0.074,0.055792,1.507886,1,20.376836,17.01098,10.403518,
0.075,0.05731,1.528263,1,20.376836,17.01098,10.403518,
0.076,0.058848,1.54864,1,20.376836,17.01098,10.403518,
0.077,0.060407,1.569016,1,20.376836,17.01098,10.403518,
0.078,0.061986,1.589393,1,20.376836,17.01098,10.403518,
0.079,0.063586,1.60977,1,20.376836,17.01098,10.403518,
0.08,0.065206,1.630147,1,20.376836,17.01098,10.403518,
0.081,0.066846,1.650524,1,20.376836,17.01098,10.403518,
0.082,0.068507,1.670901,1,20.376836,17.01098,10.403518,
0.083,0.070188,1.691277,1,20.376836,17.01098,10.403518,
0.084,0.071889,1.711654,1,20.376836,17.01098,10.403518,
0.085,0.073611,1.732031,1,20.376836,17.01098,10.403518,
0.086,0.075354,1.752408,1,20.376836,17.01098,10.403518,
0.087,0.077116,1.772785,1,20.376836,17.01098,10.403518,
0.088,0.078899,1.793162,1,20.376836,17.01098,10.403518,
0.089,0.080702,1.813538,1,20.376836,17.01098,10.403518,
0.09,0.082526,1.833915,1,20.376836,17.01098,10.403518,
0.091,0.08437,1.854292,1,20.376836,17.01098,10.403518,
0.092,0.086235,1.874669,1,20.376836,17.01098,10.403518,
0.093,0.08812,1.895046,1,20.376836,17.01098,10.403518,
0.094,0.090025,1.915423,1,20.376836,17.01098,10.403518,
0.095,0.09195,1.935799,1,20.376836,17.01098,10.403518,
0.096,0.093896,1.956176,1,20.376836,17.01098,10.403518,
0.097,0.095863,1.976553,1,20.376836,17.01098,10.403518,
0.098,0.09785,1.99693,1,20.376836,17.01098,10.403518,
0.099,0.099857,2.017307,1,20.376836,17.01098,10.403518,
0.1,0.101884,2.037684,1,20.376836,17.01098,10.403518,
0.101,0.103932,2.05806,1,20.376836,17.01098,10.403518,
0.102,0.106,2.078437,1,20.376836,17.01098,10.403518,
0.103,0.108089,2.098814,1,20.376836,17.01098,10.403518,
0.104,0.110198,2.119191,1,20.376836,17.01098,10.403518,
0.105,0.112327,2.139568,1,20.376836,17.01098,10.403518,
0.106,0.114477,2.159945,1,20.376836,17.01098,10.403518,
0.107,0.116647,2.180321,1,20.376836,17.01098,10.403518,
0.108,0.118838,2.200698,1,20.376836,17.01098,10.403518,
0.109,0.121049,2.221075,1,20.376836,17.01098,10.403518,
0.11,0.12328,2.241452,1,20.376836,17.01098,10.403518,
0.111,0.125531,2.261829,1,20.376836,17.01098,10.403518,
0.112,0.127804,2.282206,1,20.376836,17.01098,10.403518,
0.113,0.130096,2.302582,1,20.376836,17.01098,10.403518,
0.114,0.132409,2.322959,1,20.376836,17.01098,10.403518,
0.115,0.134742,2.343336,1,20.376836,17.01098,10.403518,
0.116,0.137095,2.363713,1,20.376836,17.01098,10.403518,
0.117,0.139469,2.38409,1,20.376836,17.01098,10.403518,
0.118,0.141864,2.404467,1,20.376836,17.01098,10.403518,
0.119,0.144278,2.424843,1,20.376836,17.01098,10.403518,
0.12,0.146713,2.44522,1,20.376836,17.01098,10.403518,
0.121,0.149169,2.465597,1,20.376836,17.01098,10.403518,
0.122,0.151644,2.485974,1,20.376836,17.01098,10.403518,
0.123,0.154141,2.506351,1,20.376836,17.01098,10.403518,
0.124,0.156657,2.526728,1,20.376836,17.01098,10.403518,
0.125,0.159194,2.547104,1,20.376836,17.01098,10.403518,
0.126,0.161751,2.567481,1,20.376836,17.01098,10.403518,
0.127,0.164329,2.587858,1,20.376836,17.01098,10.403518,
0.128,0.166927,2.608235,1,20.376836,17.01098,10.403518,
0.129,0.169545,2.628612,1,20.376836,17.01098,10.403518,
0.13,0.172184,2.648989,1,20.376836,17.01098,10.403518,
0.131,0.174843,2.669366,1,20.376836,17.01098,10.403518,
0.132,0.177523,2.689742,1,20.376836,17.01098,10.403518,
0.133,0.180223,2.710119,1,20.376836,17.01098,10.403518,
0.134,0.182943,2.730496,1,20.376836,17.01098,10.403518,
0.135,0.185684,2.750873,1,20.376836,17.01098,10.403518,
0.136,0.188445,2.77125,1,20.376836,17.01098,10.403518,
0.137,0.191226,2.791627,1,20.376836,17.01098,10.403518,
0.138,0.194028,2.812003,1,20.376836,17.01098,10.403518,
0.139,0.19685,2.83238,1,20.376836,17.01098,10.403518,
0.14,0.199693,2.852757,1,20.376836,17.01098,10.403518,
0.141,0.202556,2.873134,1,20.376836,17.01098,10.403518,
0.142,0.205439,2.893511,1,20.376836,17.01098,10.403518,
0.143,0.208343,2.913888,1,20.376836,17.01098,10.403518,
0.144,0.211267,2.934264,1,20.376836,17.01098,10.403518,
0.145,0.214211,2.954641,1,20.376836,17.01098,10.403518,
0.146,0.217176,2.975018,1,20.376836,17.01098,10.403518,
0.147,0.220162,2.995395,1,20.376836,17.01098,10.403518,
0.148,0.223167,3.015772,1,20.376836,17.01098,10.403518,
0.149,0.226193,3.036149,1,20.376836,17.01098,10.403518,
0.15,0.229239,3.056525,1,20.376836,17.01098,10.403518,
0.151,0.232306,3.076902,1,20.376836,17.01098,10.403518,
0.152,0.235393,3.097279,1,20.376836,17.01098,10.403518,
0.153,0.238501,3.117656,1,20.376836,17.01098,10.403518,
0.154,0.241629,3.138033,1,20.376836,17.01098,10.403518,
0.155,0.244777,3.15841,1,20.376836,17.01098,10.403518,
0.156,0.247945,3.178786,1,20.376836,17.01098,10.403518,
0.157,0.251134,3.199163,1,20.376836,17.01098,10.403518,
0.158,0.254344,3.21954,1,20.376836,17.01098,10.403518,
0.159,0.257573,3.239917,1,20.376836,17.01098,10.403518,
0.16,0.260823,3.260294,1,20.376836,17.01098,10.403518,
0.161,0.264094,3.280671,1,20.376836,17.01098,10.403518,
0.162,0.267385,3.301047,1,20.376836,17.01098,10.403518,
0.163,0.270696,3.321424,1,20.376836,17.01098,10.403518,
0.164,0.274028,3.341801,1,20.376836,17.01098,10.403518,
0.165,0.27738,3.362178,1,20.376836,17.01098,10.403518,
0.166,0.280752,3.382555,1,20.376836,17.01098,10.403518,
0.167,0.284145,3.402932,1,20.376836,17.01098,10.403518,
0.168,0.287558,3.423308,1,20.376836,17.01098,10.403518,
0.169,0.290991,3.443685,1,20.376836,17.01098,10.403518,
0.17,0.294445,3.464062,1,20.376836,17.01098,10.403518,
0.171,0.29792,3.484439,1,20.376836,17.01098,10.403518,
0.172,0.301414,3.504816,1,20.376836,17.01098,10.403518,
0.173,0.304929,3.525193,1,20.376836,17.01098,10.403518,
0.174,0.308465,3.545569,1,20.376836,17.01098,10.403518,
0.175,0.31202,3.565946,1,20.376836,17.01098,10.403518,
0.176,0.315596,3.586323,1,20.376836,17.01098,10.403518,
0.177,0.319193,3.6067,1,20.376836,17.01098,10.403518,
0.178,0.32281,3.627077,1,20.376836,17.01098,10.403518,
0.179,0.326447,3.647454,1,20.376836,17.01098,10.403518,
0.18,0.330105,3.66783,1,20.376836,17.01098,10.403518,
0.181,0.333783,3.688207,1,20.376836,17.01098,10.403518,
0.182,0.337481,3.708584,1,20.376836,17.01098,10.403518,
0.183,0.3412,3.728961,1,20.376836,17.01098,10.403518,
0.184,0.344939,3.749338,1,20.376836,17.01098,10.403518,
0.185,0.348699,3.769715,1,20.376836,17.01098,10.403518,
0.186,0.352479,3.790091,1,20.376836,17.01098,10.403518,
0.187,0.356279,3.810468,1,20.376836,17.01098,10.403518,
0.188,0.360099,3.830845,1,20.376836,17.01098,10.403518,
0.189,0.36394,3.851222,1,20.376836,17.01098,10.403518,
0.19,0.367802,3.871599,1,20.376836,17.01098,10.403518,
0.191,0.371684,3.891976,1,20.376836,17.01098,10.403518,
0.192,0.375586,3.912352,1,20.376836,17.01098,10.403518,
0.193,0.379508,3.932729,1,20.376836,17.01098,10.403518,
0.194,0.383451,3.953106,1,20.376836,17.01098,10.403518,
0.195,0.387415,3.973483,1,20.376836,17.01098,10.403518,
0.196,0.391398,3.99386,1,20.376836,17.01098,10.403518,
0.197,0.395402,4.014237,1,20.376836,17.01098,10.403518,
0.198,0.399427,4.034614,1,20.376836,17.01098,10.403518,
0.199,0.403472,4.05499,1,20.376836,17.01098,10.403518,
0.2,0.407537,4.075367,1,20.376836,17.01098,10.403518,
0.201,0.411622,4.095744,1,20.376836,17.01098,10.403518,
0.202,0.415728,4.116121,1,20.376836,17.01098,10.403518,
0.203,0.419855,4.136498,1,20.376836,17.01098,10.403518,
0.204,0.424001,4.156875,1,20.376836,17.01098,10.403518,
0.205,0.428168,4.177251,1,20.376836,17.01098,10.403518,
0.206,0.432356,4.197628,1,20.376836,17.01098,10.403518,
0.207,0.436564,4.218005,1,20.376836,17.01098,10.403518,
0.208,0.440792,4.238382,1,20.376836,17.01098,10.403518,
0.209,0.44504,4.258759,1,20.376836,17.01098,10.403518,
0.21,0.449309,4.279136,1,20.376836,17.01098,10.403518,
0.211,0.453599,4.299512,1,20.376836,17.01098,10.403518,
0.212,0.457908,4.319889,1,20.376836,17.01098,10.403518,
0.213,0.462238,4.340266,1,20.376836,17.01098,10.403518,
0.214,0.466589,4.360643,1,20.376836,17.01098,10.403518,
0.215,0.47096,4.38102,1,20.376836,17.01098,10.403518,
0.216,0.475351,4.401397,1,20.376836,17.01098,10.403518,
0.217,0.479762,4.421773,1,20.376836,17.01098,10.403518,
0.218,0.484194,4.44215,1,20.376836,17.01098,10.403518,
0.219,0.488647,4.462527,1,20.376836,17.01098,10.403518,
0.22,0.493119,4.482904,1,20.376836,17.01098,10.403518,
0.221,0.497613,4.503281,1,20.376836,17.01098,10.403518,
0.222,0.502126,4.523658,1,20.376836,17.01098,10.403518,
0.223,0.50666,4.544034,1,20.376836,17.01098,10.403518,
0.224,0.511214,4.564411,1,20.376836,17.01098,10.403518,
0.225,0.515789,4.584788,1,20.376836,17.01098,10.403518,
0.226,0.520384,4.605165,1,20.376836,17.01098,10.403518,
0.227,0.524999,4.625542,1,20.376836,17.01098,10.403518,
0.228,0.529635,4.645919,1,20.376836,17.01098,10.403518,
0.229,0.534291,4.666295,1,20.376836,17.01098,10.403518,
0.23,0.538967,4.686672,1,20.376836,17.01098,10.403518,
0.231,0.543664,4.707049,1,20.376836,17.01098,10.403518,
0.232,0.548381,4.727426,1,20.376836,17.01098,10.403518,
0.233,0.553119,4.747803,1,20.376836,17.01098,10.403518,
0.234,0.557877,4.76818,1,20.376836,17.01098,10.403518,
0.235,0.562655,4.788556,1,20.376836,17.01098,10.403518,
0.236,0.567454,4.808933,1,20.376836,17.01098,10.403518,
0.237,0.572273,4.82931,1,20.376836,17.01098,10.403518,
0.238,0.577113,4.849687,1,20.376836,17.01098,10.403518,
0.239,0.581973,4.870064,1,20.376836,17.01098,10.403518,
0.24,0.586853,4.890441,1,20.376836,17.01098,10.403518,
0.241,0.591754,4.910817,1,20.376836,17.01098,10.403518,
0.242,0.596675,4.931194,1,20.376836,17.01098,10.403518,
0.243,0.601616,4.951571,1,20.376836,17.01098,10.403518,
0.244,0.606578,4.971948,1,20.376836,17.01098,10.403518,
0.245,0.61156,4.992325,1,20.376836,17.01098,10.403518,
0.246,0.616562,5.012702,1,20.376836,17.01098,10.403518,
0.247,0.621585,5.033078,1,20.376836,17.01098,10.403518,
0.248,0.626628,5.053455,1,20.376836,17.01098,10.403518,
0.249,0.631692,5.073832,1,20.376836,17.01098,10.403518,
0.25,0.636776,5.094209,1,20.376836,17.01098,10.403518,
0.251,0.641881,5.114586,1,20.376836,17.01098,10.403518,
0.252,0.647005,5.134963,1,20.376836,17.01098,10.403518,
0.253,0.65215,5.155339,1,20.376836,17.01098,10.403518,
0.254,0.657316,5.175716,1,20.376836,17.01098,10.403518,
0.255,0.662502,5.196093,1,20.376836,17.01098,10.403518,
0.256,0.667708,5.21647,1,20.376836,17.01098,10.403518,
0.257,0.672935,5.236847,1,20.376836,17.01098,10.403518,
0.258,0.678182,5.257224,1,20.376836,17.01098,10.403518,
0.259,0.683449,5.277601,1,20.376836,17.01098,10.403518,
0.26,0.688737,5.297977,1,20.376836,17.01098,10.403518,
0.261,0.694045,5.318354,1,20.376836,17.01098,10.403518,
0.262,0.699374,5.338731,1,20.376836,17.01098,10.403518,
0.263,0.704723,5.359108,1,20.376836,17.01098,10.403518,
0.264,0.710092,5.379485,1,20.376836,17.01098,10.403518,
0.265,0.715482,5.399862,1,20.376836,17.01098,10.403518,
0.266,0.720892,5.420238,1,20.376836,17.01098,10.403518,
0.267,0.726322,5.440615,1,20.376836,17.01098,10.403518,
0.268,0.731773,5.460992,1,20.376836,17.01098,10.403518,
0.269,0.737244,5.481369,1,20.376836,17.01098,10.403518,
0.27,0.742736,5.501746,1,20.376836,17.01098,10.403518,
0.271,0.748248,5.522123,1,20.376836,17.01098,10.403518,
0.272,0.75378,5.542499,1,20.376836,17.01098,10.403518,
0.273,0.759333,5.562876,1,20.376836,17.01098,10.403518,
0.274,0.764906,5.583253,1,20.376836,17.01098,10.403518,
0.275,0.770499,5.60363,1,20.376836,17.01098,10.403518,
0.276,0.776113,5.624007,1,20.376836,17.01098,10.403518,
0.277,0.781747,5.644384,1,20.376836,17.01098,10.403518,
0.278,0.787402,5.66476,1,20.376836,17.01098,10.403518,
0.279,0.793077,5.685137,1,20.376836,17.01098,10.403518,
0.28,0.798772,5.705514,1,20.376836,17.01098,10.403518,
0.281,0.804488,5.725891,1,20.376836,17.01098,10.403518,
0.282,0.810224,5.746268,1,20.376836,17.01098,10.403518,
0.283,0.81598,5.766645,1,20.376836,17.01098,10.403518,
0.284,0.821757,5.787021,1,20.376836,17.01098,10.403518,
0.285,0.827554,5.807398,1,20.376836,17.01098,10.403518,
0.286,0.833372,5.827775,1,20.376836,17.01098,10.403518,
0.287,0.83921,5.848152,1,20.376836,17.01098,10.403518,
0.288,0.845068,5.868529,1,20.376836,17.01098,10.403518,
0.289,0.850947,5.888906,1,20.376836,17.01098,10.403518,
0.29,0.856846,5.909282,1,20.376836,17.01098,10.403518,
0.291,0.862765,5.929659,1,20.376836,17.01098,10.403518,
0.292,0.868705,5.950036,1,20.376836,17.01098,10.403518,
0.293,0.874665,5.970405,0,20.360041,16.998294,10.40523,
0.294,0.880646,5.990723,0,20.277926,16.936272,10.413603,
0.295,0.886647,6.01096,0,20.196143,16.8745,10.421942,
0.296,0.892668,6.031116,0,20.114689,16.812977,10.430248,
0.297,0.898709,6.05119,0,20.033564,16.751702,10.43852,
0.298,0.90477,6.071183,0,19.952766,16.690675,10.446759,
0.299,0.910851,6.091095,0,19.872294,16.629893,10.454964,
0.3,0.916952,6.110927,0,19.792147,16.569357,10.463137,
0.301,0.923073,6.13068,0,19.712322,16.509064,10.471276,
0.302,0.929214,6.150352,0,19.63282,16.449015,10.479383,
0.303,0.935374,6.169945,0,19.553638,16.389208,10.487457,
0.304,0.941554,6.189459,0,19.474776,16.329642,10.495498,
0.305,0.947753,6.208895,0,19.396232,16.270317,10.503507,
0.306,0.953971,6.228252,0,19.318004,16.211231,10.511484,
0.307,0.960209,6.247531,0,19.240092,16.152383,10.519428,
0.308,0.966466,6.266732,0,19.162495,16.093772,10.527341,
0.309,0.972743,6.285856,0,19.08521,16.035398,10.535221,
0.31,0.979038,6.304902,0,19.008237,15.977259,10.54307,
0.311,0.985352,6.323872,0,18.931574,15.919355,10.550887,
0.312,0.991686,6.342766,0,18.855221,15.861684,10.558673,
0.313,0.998038,6.361583,0,18.779175,15.804246,10.566427,
0.314,1.004409,6.380324,0,18.703436,15.74704,10.57415,
0.315,1.010799,6.39899,0,18.628003,15.690064,10.581841,
0.316,1.017207,6.41758,0,18.552874,15.633318,10.589502,
0.317,1.023634,6.436095,0,18.478048,15.576801,10.597132,
0.318,1.030079,6.454536,0,18.403523,15.520511,10.604731,
0.319,1.036543,6.472902,0,18.329299,15.464449,10.612299,
0.32,1.043025,6.491195,0,18.255375,15.408613,10.619837,
0.321,1.049525,6.509413,0,18.181749,15.353002,10.627345,
0.322,1.056044,6.527558,0,18.108419,15.297616,10.634822,
0.323,1.06258,6.54563,0,18.035386,15.242453,10.642269,
0.324,1.069135,6.563629,0,17.962647,15.187512,10.649686,
0.325,1.075707,6.581555,0,17.890201,15.132793,10.657073,
0.326,1.082298,6.599409,0,17.818048,15.078294,10.66443,
0.327,1.088906,6.617191,0,17.746185,15.024016,10.671758,
0.328,1.095532,6.634902,0,17.674613,14.969956,10.679056,
0.329,1.102176,6.652541,0,17.603329,14.916114,10.686325,
0.33,1.108837,6.670108,0,17.532332,14.86249,10.693564,
0.331,1.115516,6.687605,0,17.461622,14.809081,10.700774,
0.332,1.122212,6.705032,0,17.391197,14.755889,10.707955,
0.333,1.128926,6.722388,0,17.321056,14.70291,10.715107,
0.334,1.135657,6.739674,0,17.251198,14.650145,10.72223,
0.335,1.142405,6.75689,0,17.181622,14.597594,10.729325,
0.336,1.149171,6.774037,0,17.112326,14.545254,10.736391,
0.337,1.155953,6.791115,0,17.04331,14.493125,10.743428,
0.338,1.162753,6.808124,0,16.974572,14.441206,10.750437,
0.339,1.16957,6.825064,0,16.906112,14.389497,10.757418,
0.34,1.176403,6.841936,0,16.837927,14.337996,10.76437,
0.341,1.183254,6.85874,0,16.770017,14.286704,10.771295,
0.342,1.190121,6.875476,0,16.702382,14.235617,10.778192,
0.343,1.197004,6.892144,0,16.635019,14.184737,10.78506,
0.344,1.203905,6.908746,0,16.567928,14.134063,10.791902,
0.345,1.210822,6.92528,0,16.501107,14.083592,10.798715,
0.346,1.217755,6.941748,0,16.434556,14.033325,10.805501,
0.347,1.224705,6.958149,0,16.368274,13.983261,10.81226,
0.348,1.231672,6.974485,0,16.302258,13.933399,10.818991,
0.349,1.238654,6.990754,0,16.236509,13.883738,10.825695,
0.35,1.245653,7.006958,0,16.171025,13.834277,10.832373,
0.351,1.252668,7.023096,0,16.105805,13.785016,10.839023,
0.352,1.259699,7.039169,0,16.040849,13.735953,10.845646,
0.353,1.266746,7.055178,0,15.976154,13.687088,10.852243,
0.354,1.27381,7.071122,0,15.91172,13.63842,10.858813,
0.355,1.280889,7.087001,0,15.847546,13.589949,10.865357,
0.356,1.287984,7.102817,0,15.783631,13.541673,10.871874,
0.357,1.295094,7.118568,0,15.719973,13.493592,10.878365,
0.358,1.302221,7.134257,0,15.656573,13.445704,10.88483,
0.359,1.309363,7.149881,0,15.593428,13.39801,10.891269,
0.36,1.31652,7.165443,0,15.530537,13.350508,10.897681,
0.361,1.323694,7.180943,0,15.467901,13.303198,10.904068,
0.362,1.330882,7.196379,0,15.405517,13.256079,10.910429,
0.363,1.338086,7.211754,0,15.343384,13.209149,10.916765,
0.364,1.345306,7.227066,0,15.281502,13.162409,10.923075,
0.365,1.35254,7.242317,0,15.21987,13.115857,10.929359,
0.366,1.35979,7.257506,0,15.158487,13.069493,10.935618,
0.367,1.367055,7.272634,0,15.09735,13.023317,10.941852,
0.368,1.374336,7.2877,0,15.036461,12.977326,10.948061,
0.369,1.381631,7.302706,0,14.975817,12.931521,10.954245,
0.37,1.388941,7.317652,0,14.915418,12.8859,10.960403,
0.371,1.396266,7.332537,0,14.855262,12.840464,10.966537,
0.372,1.403606,7.347363,0,14.795349,12.795211,10.972647,
0.373,1.410961,7.362128,0,14.735677,12.75014,10.978731,
0.374,1.41833,7.376834,0,14.676246,12.705251,10.984791,
0.375,1.425714,7.391481,0,14.617055,12.660543,10.990827,
0.376,1.433113,7.406068,0,14.558103,12.616016,10.996838,
0.377,1.440527,7.420597,0,14.499388,12.571668,11.002825,
0.378,1.447954,7.435067,0,14.44091,12.527499,11.008788,
0.379,1.455397,7.449479,0,14.382668,12.483508,11.014726,
0.38,1.462853,7.463832,0,14.324661,12.439694,11.020641,
0.381,1.470324,7.478128,0,14.266888,12.396057,11.026532,
0.382,1.477809,7.492366,0,14.209347,12.352596,11.032399,
0.383,1.485309,7.506547,0,14.152039,12.309311,11.038243,
0.384,1.492823,7.52067,0,14.094962,12.2662,11.044063,
0.385,1.50035,7.534736,0,14.038116,12.223263,11.04986,
0.386,1.507892,7.548746,0,13.981498,12.180499,11.055633,
0.387,1.515448,7.562699,0,13.925109,12.137907,11.061383,
0.388,1.523017,7.576596,0,13.868947,12.095488,11.067109,
0.389,1.530601,7.590437,0,13.813012,12.053239,11.072813,
0.39,1.538198,7.604222,0,13.757302,12.011161,11.078493,
0.391,1.545809,7.617952,0,13.701817,11.969252,11.084151,
0.392,1.553434,7.631626,0,13.646556,11.927513,11.089786,
0.393,1.561073,7.645245,0,13.591518,11.885942,11.095398,
0.394,1.568725,7.658809,0,13.536701,11.844538,11.100987,
0.395,1.57639,7.672318,0,13.482106,11.803302,11.106554,
0.396,1.584069,7.685773,0,13.427731,11.762232,11.112099,
0.397,1.591762,7.699174,0,13.373575,11.721327,11.117621,
0.398,1.599467,7.71252,0,13.319638,11.680587,11.123121,
0.399,1.607187,7.725813,0,13.265918,11.640012,11.128598,
0.4,1.614919,7.739052,0,13.212415,11.599601,11.134054,
0.401,1.622665,7.752238,0,13.159128,11.559352,11.139487,
0.402,1.630424,7.765371,0,13.106055,11.519266,11.144899,
0.403,1.638195,7.77845,0,13.053197,11.479341,11.150289,
0.404,1.64598,7.791477,0,13.000552,11.439577,11.155657,
0.405,1.653778,7.804451,0,12.948119,11.399974,11.161003,
0.406,1.661589,7.817373,0,12.895897,11.360531,11.166328,
0.407,1.669413,7.830243,0,12.843887,11.321246,11.171632,
0.408,1.67725,7.843061,0,12.792085,11.28212,11.176914,
0.409,1.685099,7.855827,0,12.740493,11.243152,11.182174,
0.41,1.692961,7.868542,0,12.689109,11.204341,11.187414,
0.411,1.700836,7.881205,0,12.637933,11.165687,11.192632,
0.412,1.708724,7.893818,0,12.586962,11.127188,11.19783,
0.413,1.716624,7.906379,0,12.536197,11.088845,11.203006,
0.414,1.724536,7.91889,0,12.485637,11.050656,11.208161,
0.415,1.732462,7.931351,0,12.435281,11.012621,11.213296,
0.416,1.740399,7.943761,0,12.385128,10.97474,11.21841,
0.417,1.748349,7.956121,0,12.335177,10.937012,11.223503,
0.418,1.756311,7.968431,0,12.285428,10.899435,11.228576,
0.419,1.764286,7.980692,0,12.235879,10.86201,11.233629,
0.42,1.772273,7.992903,0,12.18653,10.824737,11.238661,
0.421,1.780272,8.005065,0,12.13738,10.787613,11.243672,
0.422,1.788283,8.017178,0,12.088429,10.750639,11.248664,
0.423,1.796306,8.029242,0,12.039675,10.713815,11.253635,
0.424,1.804341,8.041257,0,11.991117,10.677138,11.258586,
0.425,1.812389,8.053224,0,11.942755,10.64061,11.263518,
0.426,1.820448,8.065143,0,11.894589,10.604229,11.268429,
0.427,1.828519,8.077013,0,11.846616,10.567995,11.273321,
0.428,1.836602,8.088836,0,11.798837,10.531907,11.278193,
0.429,1.844696,8.100611,0,11.751251,10.495965,11.283045,
0.43,1.852803,8.112338,0,11.703857,10.460167,11.287877,
0.431,1.860921,8.124018,0,11.656654,10.424514,11.292691,
0.432,1.869051,8.135652,0,11.609641,10.389005,11.297484,
0.433,1.877192,8.147238,0,11.562818,10.353639,11.302259,
0.434,1.885345,8.158777,0,11.516183,10.318415,11.307014,
0.435,1.89351,8.17027,0,11.469737,10.283334,11.31175,
0.436,1.901686,8.181717,0,11.423478,10.248394,11.316467,
0.437,1.909873,8.193117,0,11.377406,10.213595,11.321165,
0.438,1.918072,8.204471,0,11.331519,10.178936,11.325844,
0.439,1.926282,8.21578,0,11.285818,10.144417,11.330504,
0.44,1.934504,8.227043,0,11.240301,10.110037,11.335145,
0.441,1.942736,8.238261,0,11.194967,10.075796,11.339768,
0.442,1.95098,8.249433,0,11.149816,10.041693,11.344371,
0.443,1.959235,8.26056,0,11.104848,10.007728,11.348957,
0.444,1.967501,8.271643,0,11.060061,9.9739,11.353524,
0.445,1.975778,8.28268,0,11.015454,9.940208,11.358072,
0.446,1.984067,8.293674,0,10.971027,9.906651,11.362602,
0.447,1.992366,8.304623,0,10.92678,9.873231,11.367114,
0.448,2.000676,8.315527,0,10.882711,9.839945,11.371607,
0.449,2.008997,8.326388,0,10.838819,9.806793,11.376083,
0.45,2.017329,8.337205,0,10.795105,9.773775,11.38054,
0.451,2.025671,8.347978,0,10.751567,9.74089,11.38498,
0.452,2.034025,8.358708,0,10.708204,9.708138,11.389401,
0.453,2.042389,8.369395,0,10.665017,9.675518,11.393805,
0.454,2.050763,8.380038,0,10.622003,9.643029,11.398191,
0.455,2.059149,8.390639,0,10.579163,9.610672,11.402559,
0.456,2.067545,8.401196,0,10.536496,9.578445,11.40691,
0.457,2.075951,8.411712,0,10.494001,9.546348,11.411243,
0.458,2.084368,8.422184,0,10.451678,9.51438,11.415559,
0.459,2.092795,8.432615,0,10.409525,9.482541,11.419857,
0.46,2.101233,8.443003,0,10.367542,9.450831,11.424138,
0.461,2.109681,8.45335,0,10.325728,9.419249,11.428401,
0.462,2.11814,8.463655,0,10.284083,9.387794,11.432648,
0.463,2.126609,8.473918,0,10.242606,9.356466,11.436877,
0.464,2.135088,8.48414,0,10.201296,9.325264,11.441089,
0.465,2.143577,8.494321,0,10.160153,9.294188,11.445285,
0.466,2.152076,8.50446,0,10.119176,9.263237,11.449463,
0.467,2.160586,8.514559,0,10.078364,9.232412,11.453624,
0.468,2.169105,8.524617,0,10.037717,9.20171,11.457769,
0.469,2.177635,8.534635,0,9.997233,9.171133,11.461897,
0.47,2.186175,8.544612,0,9.956913,9.140678,11.466008,
0.471,2.194724,8.554548,0,9.916756,9.110347,11.470103,
0.472,2.203284,8.564445,0,9.87676,9.080138,11.474181,
0.473,2.211853,8.574302,0,9.836926,9.05005,11.478243,
0.474,2.220432,8.584119,0,9.797252,9.020084,11.482289,
0.475,2.229021,8.593896,0,9.757739,8.990239,11.486318,
0.476,2.23762,8.603634,0,9.718385,8.960514,11.490331,
0.477,2.246229,8.613333,0,9.679189,8.93091,11.494327,
0.478,2.254847,8.622993,0,9.640152,8.901424,11.498308,
0.479,2.263474,8.632613,0,9.601272,8.872058,11.502272,
0.48,2.272112,8.642195,0,9.562549,8.842809,11.506221,
0.481,2.280759,8.651739,0,9.523982,8.813679,11.510153,
0.482,2.289415,8.661243,0,9.48557,8.784667,11.51407,
0.483,2.298081,8.67071,0,9.447314,8.755771,11.517971,
0.484,2.306757,8.680138,0,9.409211,8.726992,11.521856,
0.485,2.315442,8.689528,0,9.371263,8.698329,11.525726,
0.486,2.324136,8.69888,0,9.333467,8.669781,11.52958,
0.487,2.332839,8.708195,0,9.295824,8.641349,11.533418,
0.488,2.341552,8.717472,0,9.258333,8.613032,11.537241,
0.489,2.350274,8.726712,0,9.220993,8.584828,11.541048,
0.49,2.359006,8.735914,0,9.183804,8.556738,11.54484,
0.491,2.367746,8.745079,0,9.146764,8.528762,11.548617,
0.492,2.376496,8.754208,0,9.109874,8.500899,11.552379,
0.493,2.385254,8.763299,0,9.073133,8.473147,11.556125,
0.494,2.394022,8.772354,0,9.03654,8.445508,11.559856,
0.495,2.402799,8.781372,0,9.000094,8.41798,11.563573,
0.496,2.411585,8.790354,0,8.963796,8.390564,11.567274,
0.497,2.42038,8.7993,0,8.927643,8.363257,11.57096,
0.498,2.429184,8.808209,0,8.891637,8.336061,11.574632,
0.499,2.437996,8.817083,0,8.855776,8.308975,11.578288,
0.5,2.446818,8.825921,0,8.82006,8.281998,11.58193,
0.501,2.455648,8.834723,0,8.784487,8.25513,11.585558,
0.502,2.464487,8.84349,0,8.749058,8.22837,11.58917,
0.503,2.473335,8.852221,0,8.713772,8.201718,11.592768,
0.504,2.482192,8.860917,0,8.678628,8.175173,11.596352,
0.505,2.491057,8.869579,0,8.643626,8.148736,11.599921,
0.506,2.499931,8.878205,0,8.608765,8.122405,11.603475,
0.507,2.508813,8.886796,0,8.574045,8.09618,11.607016,
0.508,2.517704,8.895353,0,8.539465,8.070061,11.610542,
0.509,2.526604,8.903875,0,8.505024,8.044048,11.614054,
0.51,2.535512,8.912363,0,8.470722,8.018139,11.617551,
0.511,2.544429,8.920816,0,8.436559,7.992335,11.621035,
0.512,2.553354,8.929236,0,8.402533,7.966635,11.624504,
0.513,2.562287,8.937621,0,8.368645,7.941038,11.62796,
0.514,2.571229,8.945973,0,8.334893,7.915545,11.631401,
0.515,2.580179,8.954291,0,8.301277,7.890155,11.634829,
0.516,2.589137,8.962576,0,8.267797,7.864867,11.638243,
0.517,2.598104,8.970827,0,8.234452,7.839681,11.641643,
0.518,2.607079,8.979045,0,8.201241,7.814597,11.645029,
0.519,2.616062,8.987229,0,8.168165,7.789613,11.648402,
0.52,2.625054,8.995381,0,8.135221,7.764731,11.651761,
0.521,2.634053,9.0035,0,8.102411,7.739949,11.655107,
0.522,2.643061,9.011586,0,8.069733,7.715267,11.658439,
0.523,2.652076,9.019639,0,8.037187,7.690684,11.661758,
0.524,2.6611,9.02766,0,8.004772,7.666201,11.665063,
0.525,2.670131,9.035649,0,7.972487,7.641816,11.668355,
0.526,2.679171,9.043605,0,7.940333,7.617529,11.671634,
0.527,2.688219,9.051529,0,7.908309,7.593341,11.674899,
0.528,2.697274,9.059422,0,7.876414,7.56925,11.678151,
0.529,2.706337,9.067282,0,7.844647,7.545256,11.68139,
0.53,2.715409,9.075111,0,7.813009,7.521359,11.684616,
0.531,2.724488,9.082908,0,7.781498,7.497559,11.68783,
0.532,2.733574,9.090674,0,7.750114,7.473854,11.69103,
0.533,2.742669,9.098409,0,7.718857,7.450245,11.694217,
0.534,2.751771,9.106112,0,7.687726,7.426732,11.697391,
0.535,2.760881,9.113784,0,7.65672,7.403313,11.700553,
0.536,2.769999,9.121425,0,7.62584,7.379988,11.703702,
0.537,2.779124,9.129036,0,7.595084,7.356758,11.706838,
0.538,2.788257,9.136615,0,7.564452,7.333621,11.709961,
0.539,2.797397,9.144165,0,7.533943,7.310578,11.713072,
0.54,2.806545,9.151683,0,7.503558,7.287627,11.71617,
0.541,2.815701,9.159172,0,7.473295,7.264769,11.719256,
0.542,2.824864,9.16663,0,7.443154,7.242004,11.722329,
0.543,2.834034,9.174058,0,7.413135,7.21933,11.72539,
0.544,2.843212,9.181456,0,7.383237,7.196747,11.728439,
0.545,2.852397,9.188824,0,7.35346,7.174256,11.731475,
0.546,2.861589,9.196163,0,7.323802,7.151855,11.7345,
0.547,2.870789,9.203472,0,7.294264,7.129545,11.737511,
0.548,2.879996,9.210752,0,7.264846,7.107325,11.740511,
0.549,2.889211,9.218002,0,7.235546,7.085194,11.743499,
0.55,2.898432,9.225223,0,7.206364,7.063153,11.746474,
0.551,2.907661,9.232415,0,7.177299,7.0412,11.749438,
0.552,2.916897,9.239577,0,7.148352,7.019336,11.75239,
0.553,2.92614,9.246711,0,7.119522,6.99756,11.755329,
0.554,2.93539,9.253816,0,7.090808,6.975872,11.758257,
0.555,2.944648,9.260893,0,7.06221,6.954272,11.761173,
0.556,2.953912,9.267941,0,7.033727,6.932758,11.764078,
0.557,2.963184,9.27496,0,7.005359,6.911332,11.76697,
0.558,2.972462,9.281951,0,6.977106,6.889991,11.769851,
0.559,2.981747,9.288914,0,6.948966,6.868737,11.77272,
0.56,2.99104,9.295849,0,6.92094,6.847569,11.775578,
0.561,3.000339,9.302756,0,6.893027,6.826486,11.778424,
0.562,3.009645,9.309635,0,6.865227,6.805488,11.781259,
0.563,3.018958,9.316487,0,6.837538,6.784574,11.784082,
0.564,3.028278,9.323311,0,6.809962,6.763745,11.786894,
0.565,3.037605,9.330107,0,6.782496,6.743,11.789695,
0.566,3.046939,9.336876,0,6.755142,6.722339,11.792484,
0.567,3.056279,9.343617,0,6.727897,6.701761,11.795262,
0.568,3.065626,9.350331,0,6.700763,6.681266,11.798029,
0.569,3.074979,9.357019,0,6.673738,6.660853,11.800785,
0.57,3.08434,9.363679,0,6.646822,6.640523,11.803529,
0.571,3.093707,9.370312,0,6.620014,6.620275,11.806263,
0.572,3.10308,9.376919,0,6.593315,6.600109,11.808985,
0.573,3.112461,9.383499,0,6.566723,6.580024,11.811697,
0.574,3.121847,9.390052,0,6.540239,6.56002,11.814397,
0.575,3.131241,9.396579,0,6.513861,6.540097,11.817087,
0.576,3.140641,9.40308,0,6.48759,6.520254,11.819766,
0.577,3.150047,9.409554,0,6.461425,6.500491,11.822434,
0.578,3.15946,9.416003,0,6.435365,6.480807,11.825091,
0.579,3.168879,9.422425,0,6.40941,6.461203,11.827738,
0.58,3.178304,9.428822,0,6.38356,6.441679,11.830373,
0.581,3.187736,9.435192,0,6.357815,6.422233,11.832999,
0.582,3.197175,9.441537,0,6.332173,6.402865,11.835613,
0.583,3.20662,9.447857,0,6.306634,6.383575,11.838217,
0.584,3.216071,9.454151,0,6.281199,6.364364,11.840811,
0.585,3.225528,9.460419,0,6.255866,6.345229,11.843394,
0.586,3.234991,9.466662,0,6.230635,6.326172,11.845967,
0.587,3.244461,9.47288,0,6.205506,6.307192,11.848529,
0.588,3.253937,9.479073,0,6.180479,6.288288,11.851081,
0.589,3.263419,9.485241,0,6.155552,6.269461,11.853623,
0.59,3.272908,9.491384,0,6.130726,6.25071,11.856154,
0.591,3.282402,9.497503,0,6.106,6.232034,11.858675,
0.592,3.291903,9.503596,0,6.081374,6.213433,11.861187,
0.593,3.301409,9.509666,0,6.056847,6.194908,11.863687,
0.594,3.310922,9.51571,0,6.032419,6.176457,11.866178,
0.595,3.320441,9.52173,0,6.008089,6.15808,11.868659,
0.596,3.329965,9.527726,0,5.983858,6.139778,11.87113,
0.597,3.339496,9.533698,0,5.959724,6.12155,11.873591,
0.598,3.349033,9.539646,0,5.935688,6.103395,11.876042,
0.599,3.358575,9.545569,0,5.911748,6.085313,11.878483,
0.6,3.368124,9.551469,0,5.887905,6.067304,11.880914,
0.601,3.377678,9.557345,0,5.864159,6.049368,11.883335,
0.602,3.387239,9.563198,0,5.840508,6.031504,11.885747,
0.603,3.396805,9.569026,0,5.816952,6.013712,11.888149,
0.604,3.406377,9.574831,0,5.793492,5.995992,11.890541,
0.605,3.415954,9.580613,0,5.770126,5.978344,11.892924,
0.606,3.425538,9.586372,0,5.746854,5.960766,11.895297,
0.607,3.435127,9.592107,0,5.723676,5.94326,11.89766,
0.608,3.444722,9.597819,0,5.700592,5.925824,11.900014,
0.609,3.454323,9.603508,0,5.677601,5.908458,11.902358,
0.61,3.463929,9.609174,0,5.654702,5.891163,11.904693,
0.611,3.473541,9.614818,0,5.631896,5.873937,11.907018,
0.612,3.483159,9.620438,0,5.609182,5.856781,11.909335,
0.613,3.492782,9.626036,0,5.58656,5.839694,11.911641,
0.614,3.502411,9.631611,0,5.564028,5.822676,11.913939,
0.615,3.512045,9.637164,0,5.541588,5.805726,11.916227,
0.616,3.521685,9.642694,0,5.519238,5.788845,11.918506,
0.617,3.53133,9.648202,0,5.496978,5.772032,11.920776,
0.618,3.540981,9.653688,0,5.474808,5.755286,11.923036,
0.619,3.550638,9.659152,0,5.452728,5.738609,11.925288,
0.62,3.5603,9.664594,0,5.430736,5.721998,11.92753,
0.621,3.569967,9.670014,0,5.408833,5.705455,11.929764,
0.622,3.57964,9.675411,0,5.387019,5.688978,11.931988,
0.623,3.589318,9.680788,0,5.365292,5.672568,11.934203,
0.624,3.599001,9.686142,0,5.343653,5.656223,11.93641,
0.625,3.60869,9.691475,0,5.322102,5.639945,11.938607,
0.626,3.618384,9.696786,0,5.300637,5.623733,11.940796,
0.627,3.628084,9.702076,0,5.279259,5.607585,11.942976,
0.628,3.637788,9.707345,0,5.257967,5.591503,11.945147,
0.629,3.647498,9.712592,0,5.236761,5.575486,11.947309,
0.63,3.657214,9.717818,0,5.21564,5.559534,11.949463,
0.631,3.666934,9.723023,0,5.194605,5.543645,11.951608,
0.632,3.67666,9.728207,0,5.173654,5.527821,11.953744,
0.633,3.68639,9.733371,0,5.152788,5.512061,11.955872,
0.634,3.696126,9.738513,0,5.132006,5.496364,11.957991,
0.635,3.705867,9.743635,0,5.111308,5.48073,11.960101,
0.636,3.715614,9.748736,0,5.090694,5.46516,11.962203,
0.637,3.725365,9.753816,0,5.070162,5.449652,11.964297,
0.638,3.735121,9.758876,0,5.049714,5.434207,11.966382,
0.639,3.744883,9.763915,0,5.029348,5.418824,11.968459,
0.64,3.754649,9.768935,0,5.009064,5.403504,11.970527,
0.641,3.76442,9.773934,0,4.988861,5.388245,11.972587,
0.642,3.774197,9.778912,0,4.968741,5.373047,11.974639,
0.643,3.783978,9.783871,0,4.948701,5.357911,11.976682,
0.644,3.793765,9.78881,0,4.928742,5.342836,11.978717,
0.645,3.803556,9.793729,0,4.908864,5.327822,11.980744,
0.646,3.813352,9.798628,0,4.889066,5.312868,11.982763,
0.647,3.823153,9.803507,0,4.869348,5.297975,11.984773,
0.648,3.832959,9.808366,0,4.849709,5.283141,11.986776,
0.649,3.84277,9.813206,0,4.83015,5.268368,11.98877,
0.65,3.852585,9.818027,0,4.810669,5.253654,11.990757,
0.651,3.862406,9.822827,0,4.791267,5.238999,11.992735,
0.652,3.872231,9.827609,0,4.771943,5.224404,11.994706,
0.653,3.882061,9.832371,0,4.752697,5.209867,11.996668,
0.654,3.891896,9.837114,0,4.733529,5.195389,11.998623,
0.655,3.901735,9.841838,0,4.714438,5.180969,12.000569,
0.656,3.911579,9.846543,0,4.695424,5.166608,12.002508,
0.657,3.921428,9.851229,0,4.676487,5.152304,12.004439,
0.658,3.931282,9.855896,0,4.657626,5.138058,12.006362,
0.659,3.94114,9.860545,0,4.638841,5.12387,12.008278,
0.66,3.951003,9.865174,0,4.620132,5.109739,12.010185,
0.661,3.96087,9.869785,0,4.601499,5.095665,12.012085,
0.662,3.970743,9.874377,0,4.58294,5.081647,12.013978,
0.663,3.980619,9.878951,0,4.564457,5.067686,12.015862,
0.664,3.9905,9.883506,0,4.546048,5.053782,12.017739,
0.665,4.000386,9.888043,0,4.527713,5.039933,12.019609,
0.666,4.010277,9.892561,0,4.509452,5.026141,12.021471,
0.667,4.020171,9.897062,0,4.491265,5.012404,12.023326,
0.668,4.030071,9.901544,0,4.473151,4.998722,12.025173,
0.669,4.039974,9.906008,0,4.45511,4.985095,12.027012,
0.67,4.049883,9.910454,0,4.437142,4.971524,12.028844,
0.671,4.059795,9.914882,0,4.419247,4.958007,12.030669,
0.672,4.069712,9.919293,0,4.401423,4.944545,12.032486,
0.673,4.079634,9.923685,0,4.383672,4.931137,12.034296,
0.674,4.08956,9.92806,0,4.365992,4.917783,12.036099,
0.675,4.09949,9.932417,0,4.348383,4.904483,12.037895,
0.676,4.109425,9.936757,0,4.330846,4.891237,12.039683,
0.677,4.119363,9.941079,0,4.313379,4.878044,12.041464,
0.678,4.129307,9.945383,0,4.295982,4.864904,12.043238,
0.679,4.139254,9.949671,0,4.278656,4.851817,12.045005,
0.68,4.149206,9.953941,0,4.2614,4.838783,12.046764,
0.681,4.159162,9.958194,0,4.244213,4.825802,12.048517,
0.682,4.169122,9.962429,0,4.227096,4.812873,12.050262,
0.683,4.179087,9.966648,0,4.210047,4.799996,12.052001,
0.684,4.189056,9.970849,0,4.193067,4.787171,12.053732,
0.685,4.199029,9.975034,0,4.176156,4.774398,12.055456,
0.686,4.209006,9.979202,0,4.159313,4.761676,12.057174,
0.687,4.218987,9.983352,0,4.142538,4.749006,12.058884,
0.688,4.228972,9.987487,0,4.125831,4.736387,12.060588,
0.689,4.238962,9.991604,0,4.109191,4.723818,12.062285,
0.69,4.248956,9.995705,0,4.092618,4.7113,12.063974,
0.691,4.258953,9.999789,0,4.076112,4.698833,12.065658,
0.692,4.268955,10.003857,0,4.059672,4.686416,12.067334,
0.693,4.278961,10.007909,0,4.043299,4.674049,12.069003,
0.694,4.288971,10.011944,0,4.026992,4.661732,12.070666,
0.695,4.298985,10.015963,0,4.010751,4.649465,12.072322,
0.696,4.309003,10.019965,0,3.994575,4.637247,12.073972,
0.697,4.319025,10.023952,0,3.978464,4.625079,12.075614,
0.698,4.329051,10.027922,0,3.962419,4.612959,12.077251,
0.699,4.339081,10.031877,0,3.946438,4.600889,12.07888,
0.7,4.349115,10.035815,0,3.930521,4.588867,12.080503,
0.701,4.359152,10.039738,0,3.914669,4.576893,12.082119,
0.702,4.369194,10.043645,0,3.89888,4.564968,12.083729,
0.703,4.37924,10.047536,0,3.883156,4.553091,12.085333,
0.704,4.389289,10.051411,0,3.867495,4.541262,12.08693,
0.705,4.399342,10.05527,0,3.851896,4.52948,12.08852,
0.706,4.4094,10.059115,0,3.836361,4.517746,12.090104,
0.707,4.419461,10.062943,0,3.820889,4.50606,12.091682,
0.708,4.429526,10.066756,0,3.805479,4.49442,12.093253,
0.709,4.439594,10.070554,0,3.790131,4.482828,12.094818,
0.71,4.449667,10.074337,0,3.774845,4.471282,12.096377,
0.711,4.459743,10.078104,0,3.75962,4.459783,12.097929,
0.712,4.469823,10.081856,0,3.744457,4.44833,12.099475,
0.713,4.479907,10.085593,0,3.729355,4.436923,12.101015,
0.714,4.489994,10.089315,0,3.714314,4.425563,12.102549,
0.715,4.500085,10.093021,0,3.699334,4.414248,12.104077,
0.716,4.51018,10.096713,0,3.684414,4.402979,12.105598,
0.717,4.520279,10.10039,0,3.669554,4.391755,12.107113,
0.718,4.530381,10.104052,0,3.654755,4.380577,12.108622,
0.719,4.540487,10.1077,0,3.640014,4.369443,12.110125,
0.72,4.550596,10.111332,0,3.625334,4.358355,12.111622,
0.721,4.560709,10.11495,0,3.610712,4.347311,12.113113,
0.722,4.570826,10.118554,0,3.59615,4.336312,12.114598,
0.723,4.580946,10.122143,0,3.581646,4.325357,12.116077,
0.724,4.59107,10.125717,0,3.567201,4.314446,12.11755,
0.725,4.601198,10.129277,0,3.552814,4.303579,12.119017,
0.726,4.611329,10.132823,0,3.538485,4.292757,12.120478,
0.727,4.621464,10.136354,0,3.524214,4.281977,12.121933,
0.728,4.631602,10.139871,0,3.51,4.271242,12.123382,
0.729,4.641743,10.143374,0,3.495844,4.260549,12.124826,
0.73,4.651888,10.146863,0,3.481745,4.2499,12.126263,
0.731,4.662037,10.150338,0,3.467702,4.239294,12.127695,
0.732,4.672189,10.153798,0,3.453717,4.22873,12.129121,
0.733,4.682345,10.157245,0,3.439787,4.218209,12.130542,
0.734,4.692504,10.160678,0,3.425914,4.207731,12.131956,
0.735,4.702666,10.164097,0,3.412097,4.197294,12.133365,
0.736,4.712832,10.167502,0,3.398336,4.1869,12.134768,
0.737,4.723001,10.170894,0,3.38463,4.176548,12.136166,
0.738,4.733174,10.174271,0,3.370979,4.166237,12.137558,
0.739,4.743349,10.177635,0,3.357384,4.155968,12.138944,
0.74,4.753529,10.180986,0,3.343843,4.145741,12.140325,
0.741,4.763711,10.184323,0,3.330357,4.135555,12.1417,
0.742,4.773897,10.187647,0,3.316925,4.12541,12.14307,
0.743,4.784087,10.190957,0,3.303547,4.115305,12.144434,
0.744,4.794279,10.194254,0,3.290224,4.105242,12.145792,
0.745,4.804475,10.197537,0,3.276954,4.095219,12.147145,
0.746,4.814674,10.200808,0,3.263737,4.085236,12.148493,
0.747,4.824877,10.204065,0,3.250574,4.075294,12.149835,
0.748,4.835083,10.207309,0,3.237464,4.065392,12.151172,
0.749,4.845291,10.21054,0,3.224407,4.05553,12.152503,
0.75,4.855504,10.213758,0,3.211403,4.045707,12.15383,
0.751,4.865719,10.216963,0,3.198451,4.035924,12.15515,
0.752,4.875938,10.220155,0,3.185551,4.026181,12.156466,
0.753,4.886159,10.223334,0,3.172703,4.016477,12.157776,
0.754,4.896384,10.2265,0,3.159907,4.006812,12.15908,
0.755,4.906612,10.229654,0,3.147163,3.997186,12.16038,
0.756,4.916843,10.232794,0,3.13447,3.987599,12.161674,
0.757,4.927078,10.235923,0,3.121829,3.978051,12.162963,
0.758,4.937315,10.239038,0,3.109238,3.968541,12.164247,
0.759,4.947556,10.242141,0,3.096698,3.959069,12.165526,
0.76,4.9578,10.245231,0,3.084208,3.949636,12.166799,
0.761,4.968046,10.248309,0,3.071769,3.94024,12.168068,
0.762,4.978296,10.251375,0,3.059381,3.930883,12.169331,
0.763,4.988549,10.254428,0,3.047042,3.921563,12.170589,
0.764,4.998805,10.257469,0,3.034753,3.912281,12.171842,
0.765,5.009064,10.260498,0,3.022513,3.903036,12.17309,
0.766,5.019326,10.263514,0,3.010323,3.893829,12.174333,
0.767,5.029591,10.266518,0,2.998182,3.884659,12.175571,
0.768,5.039859,10.26951,0,2.98609,3.875525,12.176804,
0.769,5.05013,10.27249,0,2.974047,3.866429,12.178032,
0.77,5.060404,10.275459,0,2.962052,3.857369,12.179255,
0.771,5.070681,10.278415,0,2.950105,3.848346,12.180473,
0.772,5.080961,10.281359,0,2.938207,3.839359,12.181687,
0.773,5.091244,10.284291,0,2.926357,3.830409,12.182895,
0.774,5.101529,10.287211,0,2.914555,3.821494,12.184098,
0.775,5.111818,10.29012,0,2.9028,3.812616,12.185297,
0.776,5.12211,10.293017,0,2.891093,3.803773,12.186491,
0.777,5.132404,10.295902,0,2.879433,3.794966,12.18768,
0.778,5.142701,10.298776,0,2.867819,3.786194,12.188864,
0.779,5.153002,10.301638,0,2.856253,3.777458,12.190043,
0.78,5.163305,10.304488,0,2.844733,3.768757,12.191218,
0.781,5.173611,10.307327,0,2.83326,3.760091,12.192388,
0.782,5.183919,10.310155,0,2.821833,3.75146,12.193553,
0.783,5.194231,10.312971,0,2.810453,3.742864,12.194713,
0.784,5.204545,10.315776,0,2.799118,3.734303,12.195869,
0.785,5.214863,10.318569,0,2.787828,3.725776,12.19702,
0.786,5.225182,10.321352,0,2.776585,3.717284,12.198167,
0.787,5.235505,10.324122,0,2.765386,3.708825,12.199309,
0.788,5.245831,10.326882,0,2.754233,3.700401,12.200446,
0.789,5.256159,10.329631,0,2.743125,3.692011,12.201578,
0.79,5.26649,10.332369,0,2.732062,3.683655,12.202707,
0.791,5.276824,10.335095,0,2.721043,3.675332,12.20383,
0.792,5.28716,10.337811,0,2.710069,3.667043,12.204949,
0.793,5.297499,10.340515,0,2.699139,3.658788,12.206064,
0.794,5.307841,10.343209,0,2.688253,3.650565,12.207174,
0.795,5.318186,10.345892,0,2.677411,3.642376,12.208279,
0.796,5.328533,10.348564,0,2.666612,3.63422,12.20938,
0.797,5.338883,10.351225,0,2.655857,3.626097,12.210477,
0.798,5.349235,10.353875,0,2.645146,3.618006,12.211569,
0.799,5.359591,10.356515,0,2.634478,3.609948,12.212657,
0.8,5.369948,10.359144,0,2.623853,3.601923,12.21374,
0.801,5.380309,10.361763,0,2.61327,3.59393,12.214819,
0.802,5.390672,10.364371,0,2.602731,3.585969,12.215894,
0.803,5.401038,10.366968,0,2.592234,3.578041,12.216965,
0.804,5.411406,10.369555,0,2.581779,3.570144,12.218031,
0.805,5.421777,10.372132,0,2.571366,3.562279,12.219092,
0.806,5.43215,10.374698,0,2.560995,3.554446,12.22015,
0.807,5.442526,10.377254,0,2.550667,3.546645,12.221203,
0.808,5.452905,10.379799,0,2.540379,3.538875,12.222252,
0.809,5.463286,10.382335,0,2.530134,3.531136,12.223297,
0.81,5.473669,10.38486,0,2.519929,3.523429,12.224337,
0.811,5.484055,10.387375,0,2.509766,3.515752,12.225373,
0.812,5.494444,10.389879,0,2.499644,3.508107,12.226406,
0.813,5.504835,10.392374,0,2.489563,3.500492,12.227434,
0.814,5.515229,10.394858,0,2.479522,3.492908,12.228457,
0.815,5.525625,10.397333,0,2.469522,3.485355,12.229477,
0.816,5.536023,10.399797,0,2.459562,3.477832,12.230493,
0.817,5.546424,10.402252,0,2.449642,3.47034,12.231504,
0.818,5.556828,10.404697,0,2.439762,3.462877,12.232512,
0.819,5.567234,10.407132,0,2.429922,3.455445,12.233515,
0.82,5.577642,10.409557,0,2.420122,3.448043,12.234514,
0.821,5.588053,10.411972,0,2.410362,3.440671,12.235509,
0.822,5.598466,10.414377,0,2.40064,3.433328,12.236501,
0.823,5.608882,10.416773,0,2.390958,3.426015,12.237488,
0.824,5.6193,10.419159,0,2.381315,3.418731,12.238471,
0.825,5.62972,10.421536,0,2.371711,3.411477,12.239451,
0.826,5.640143,10.423903,0,2.362146,3.404252,12.240426,
0.827,5.650568,10.42626,0,2.352619,3.397057,12.241397,
0.828,5.660995,10.428608,0,2.34313,3.38989,12.242365,
0.829,5.671425,10.430946,0,2.33368,3.382752,12.243328,
0.83,5.681857,10.433275,0,2.324268,3.375643,12.244288,
0.831,5.692292,10.435595,0,2.314894,3.368563,12.245244,
0.832,5.702728,10.437905,0,2.305558,3.361511,12.246196,
0.833,5.713167,10.440206,0,2.296259,3.354488,12.247144,
0.834,5.723609,10.442498,0,2.286998,3.347493,12.248089,
0.835,5.734052,10.44478,0,2.277774,3.340526,12.249029,
0.836,5.744498,10.447053,0,2.268588,3.333587,12.249966,
0.837,5.754946,10.449317,0,2.259438,3.326676,12.250899,
0.838,5.765397,10.451572,0,2.250326,3.319793,12.251828,
0.839,5.77585,10.453818,0,2.24125,3.312938,12.252753,
0.84,5.786305,10.456054,0,2.232211,3.306111,12.253675,
0.841,5.796762,10.458282,0,2.223208,3.299311,12.254593,
0.842,5.807221,10.460501,0,2.214241,3.292538,12.255507,
0.843,5.817683,10.462711,0,2.205311,3.285793,12.256418,
0.844,5.828147,10.464911,0,2.196417,3.279075,12.257325,
0.845,5.838613,10.467103,0,2.187558,3.272384,12.258228,
0.846,5.849081,10.469287,0,2.178736,3.26572,12.259128,
0.847,5.859551,10.471461,0,2.169948,3.259083,12.260024,
0.848,5.870024,10.473627,0,2.161197,3.252473,12.260916,
0.849,5.880498,10.475783,0,2.15248,3.24589,12.261805,
0.85,5.890975,10.477931,0,2.143799,3.239332,12.26269,
0.851,5.901454,10.480071,0,2.135153,3.232802,12.263572,
0.852,5.911935,10.482202,0,2.126542,3.226298,12.26445,
0.853,5.922419,10.484324,0,2.117965,3.21982,12.265324,
0.854,5.932904,10.486438,0,2.109423,3.213368,12.266195,
0.855,5.943391,10.488543,0,2.100915,3.206942,12.267063,
0.856,5.953881,10.49064,0,2.092442,3.200542,12.267927,
0.857,5.964373,10.492728,0,2.084003,3.194168,12.268787,
0.858,5.974867,10.494808,0,2.075598,3.187819,12.269644,
0.859,5.985362,10.496879,0,2.067227,3.181496,12.270498,
0.86,5.99586,10.498942,0,2.058889,3.175199,12.271348,
0.861,6.00636,10.500997,0,2.050586,3.168927,12.272195,
0.862,6.016862,10.503043,0,2.042315,3.162681,12.273038,
0.863,6.027366,10.505081,0,2.034079,3.156459,12.273878,
0.864,6.037872,10.507111,0,2.025875,3.150263,12.274715,
0.865,6.048381,10.509133,0,2.017704,3.144091,12.275548,
0.866,6.058891,10.511147,0,2.009567,3.137945,12.276377,
0.867,6.069403,10.513152,0,2.001462,3.131823,12.277204,
0.868,6.079917,10.51515,0,1.99339,3.125726,12.278027,
0.869,6.090433,10.517139,0,1.98535,3.119654,12.278847,
0.87,6.100951,10.51912,0,1.977343,3.113606,12.279663,
0.871,6.111471,10.521094,0,1.969368,3.107582,12.280476,
0.872,6.121993,10.523059,0,1.961425,3.101583,12.281286,
0.873,6.132517,10.525017,0,1.953515,3.095608,12.282093,
0.874,6.143043,10.526966,0,1.945636,3.089657,12.282896,
0.875,6.153571,10.528908,0,1.937789,3.08373,12.283696,
0.876,6.164101,10.530842,0,1.929973,3.077827,12.284493,
0.877,6.174633,10.532768,0,1.92219,3.071948,12.285287,
0.878,6.185167,10.534686,0,1.914437,3.066092,12.286078,
0.879,6.195702,10.536597,0,1.906716,3.06026,12.286865,
0.88,6.20624,10.5385,0,1.899026,3.054452,12.287649,
0.881,6.216779,10.540395,0,1.891367,3.048667,12.28843,
0.882,6.227321,10.542282,0,1.883739,3.042906,12.289208,
0.883,6.237864,10.544162,0,1.876141,3.037167,12.289982,
0.884,6.248409,10.546035,0,1.868575,3.031452,12.290754,
0.885,6.258956,10.547899,0,1.861039,3.02576,12.291522,
0.886,6.269505,10.549757,0,1.853533,3.02009,12.292288,
0.887,6.280056,10.551606,0,1.846057,3.014444,12.29305,
0.888,6.290608,10.553449,0,1.838612,3.008821,12.293809,
0.889,6.301162,10.555284,0,1.831196,3.00322,12.294565,
0.89,6.311719,10.557111,0,1.823811,2.997641,12.295318,
0.891,6.322277,10.558931,0,1.816455,2.992085,12.296068,
0.892,6.332837,10.560744,0,1.809129,2.986552,12.296815,
0.893,6.343398,10.562549,0,1.801833,2.981041,12.297559,
0.894,6.353962,10.564348,0,1.794566,2.975552,12.2983,
0.895,6.364527,10.566139,0,1.787328,2.970085,12.299038,
0.896,6.375094,10.567922,0,1.78012,2.964641,12.299774,
0.897,6.385663,10.569699,0,1.77294,2.959218,12.300506,
0.898,6.396233,10.571468,0,1.76579,2.953817,12.301235,
0.899,6.406806,10.57323,0,1.758668,2.948438,12.301961,
0.9,6.41738,10.574986,0,1.751575,2.943081,12.302684,
0.901,6.427956,10.576734,0,1.744511,2.937745,12.303404,
0.902,6.438533,10.578475,0,1.737475,2.932431,12.304122,
0.903,6.449113,10.580209,0,1.730467,2.927138,12.304836,
0.904,6.459694,10.581936,0,1.723488,2.921866,12.305548,
0.905,6.470276,10.583656,0,1.716537,2.916616,12.306257,
0.906,6.480861,10.585369,0,1.709614,2.911387,12.306963,
0.907,6.491447,10.587075,0,1.702719,2.906179,12.307666,
0.908,6.502035,10.588774,0,1.695852,2.900992,12.308366,
0.909,6.512625,10.590466,0,1.689012,2.895826,12.309063,
0.91,6.523216,10.592152,0,1.6822,2.890681,12.309758,
0.911,6.533809,10.593831,0,1.675416,2.885556,12.31045,
0.912,6.544404,10.595503,0,1.668659,2.880453,12.311139,
0.913,6.555,10.597168,0,1.661929,2.875369,12.311825,
0.914,6.565598,10.598827,0,1.655226,2.870307,12.312509,
0.915,6.576198,10.600479,0,1.64855,2.865264,12.313189,
0.916,6.586799,10.602124,0,1.641901,2.860243,12.313867,
0.917,6.597402,10.603762,0,1.635279,2.855241,12.314542,
0.918,6.608007,10.605394,0,1.628684,2.850259,12.315215,
0.919,6.618613,10.60702,0,1.622115,2.845298,12.315885,
0.92,6.629221,10.608639,0,1.615573,2.840357,12.316552,
0.921,6.63983,10.610251,0,1.609057,2.835435,12.317216,
0.922,6.650441,10.611857,0,1.602568,2.830533,12.317878,
0.923,6.661054,10.613456,0,1.596104,2.825652,12.318537,
0.924,6.671668,10.615049,0,1.589667,2.820789,12.319193,
0.925,6.682284,10.616635,0,1.583256,2.815947,12.319847,
0.926,6.692901,10.618215,0,1.57687,2.811124,12.320498,
0.927,6.70352,10.619789,0,1.570511,2.80632,12.321147,
0.928,6.714141,10.621356,0,1.564177,2.801536,12.321793,
0.929,6.724763,10.622917,0,1.557868,2.796771,12.322436,
0.93,6.735387,10.624472,0,1.551585,2.792025,12.323077,
0.931,6.746012,10.626021,0,1.545327,2.787299,12.323715,
0.932,6.756639,10.627563,0,1.539095,2.782591,12.32435,
0.933,6.767267,10.629099,0,1.532887,2.777903,12.324983,
0.934,6.777897,10.630629,0,1.526705,2.773233,12.325614,
0.935,6.788528,10.632152,0,1.520548,2.768583,12.326241,
0.936,6.799161,10.63367,0,1.514415,2.763951,12.326867,
0.937,6.809796,10.635181,0,1.508307,2.759337,12.327489,
0.938,6.820432,10.636686,0,1.502224,2.754742,12.32811,
0.939,6.831069,10.638186,0,1.496165,2.750166,12.328728,
0.94,6.841708,10.639679,0,1.490131,2.745609,12.329343,
0.941,6.852348,10.641166,0,1.484121,2.741069,12.329956,
0.942,6.86299,10.642647,0,1.478136,2.736548,12.330566,
0.943,6.873634,10.644122,0,1.472174,2.732045,12.331174,
0.944,6.884278,10.645591,0,1.466237,2.727561,12.331779,
0.945,6.894925,10.647055,0,1.460323,2.723094,12.332382,
0.946,6.905573,10.648512,0,1.454433,2.718646,12.332983,
0.947,6.916222,10.649963,0,1.448567,2.714215,12.333581,
0.948,6.926872,10.651409,0,1.442725,2.709802,12.334177,
0.949,6.937525,10.652849,0,1.436907,2.705407,12.33477,
0.95,6.948178,10.654283,0,1.431111,2.70103,12.335361,
0.951,6.958833,10.655711,0,1.425339,2.696671,12.335949,
0.952,6.96949,10.657134,0,1.419591,2.692329,12.336536,
0.953,6.980147,10.65855,0,1.413865,2.688004,12.337119,
0.954,6.990807,10.659961,0,1.408163,2.683697,12.337701,
0.955,7.001467,10.661367,0,1.402484,2.679407,12.33828,
0.956,7.012129,10.662766,0,1.396827,2.675135,12.338857,
0.957,7.022793,10.66416,0,1.391194,2.67088,12.339431,
0.958,7.033458,10.665549,0,1.385583,2.666642,12.340003,
0.959,7.044124,10.666931,0,1.379995,2.662421,12.340573,
0.96,7.054792,10.668309,0,1.374429,2.658217,12.341141,
0.961,7.065461,10.66968,0,1.368886,2.65403,12.341706,
0.962,7.076131,10.671046,0,1.363365,2.64986,12.342269,
0.963,7.086803,10.672407,0,1.357866,2.645707,12.34283,
0.964,7.097476,10.673762,0,1.35239,2.641571,12.343388,
0.965,7.10815,10.675112,0,1.346936,2.637451,12.343944,
0.966,7.118826,10.676456,0,1.341503,2.633348,12.344498,
0.967,7.129503,10.677795,0,1.336093,2.629261,12.34505,
0.968,7.140182,10.679128,0,1.330704,2.625191,12.345599,
0.969,7.150861,10.680456,0,1.325337,2.621138,12.346146,
0.97,7.161542,10.681779,0,1.319992,2.6171,12.346691,
0.971,7.172225,10.683096,0,1.314668,2.613079,12.347234,
0.972,7.182909,10.684408,0,1.309366,2.609074,12.347775,
0.973,7.193594,10.685715,0,1.304085,2.605086,12.348313,
0.974,7.20428,10.687016,0,1.298826,2.601113,12.34885,
0.975,7.214968,10.688313,0,1.293587,2.597156,12.349384,
0.976,7.225657,10.689604,0,1.28837,2.593216,12.349916,
0.977,7.236347,10.690889,0,1.283174,2.589291,12.350446,
0.978,7.247039,10.69217,0,1.277999,2.585382,12.350973,
0.979,7.257731,10.693445,0,1.272844,2.581489,12.351499,
0.98,7.268425,10.694716,0,1.267711,2.577612,12.352022,
0.981,7.279121,10.695981,0,1.262598,2.57375,12.352544,
0.982,7.289817,10.697241,0,1.257506,2.569904,12.353063,
0.983,7.300515,10.698496,0,1.252434,2.566073,12.35358,
0.984,7.311214,10.699746,0,1.247383,2.562258,12.354095,
0.985,7.321915,10.700991,0,1.242352,2.558458,12.354608,
0.986,7.332616,10.70223,0,1.237341,2.554673,12.355119,
0.987,7.343319,10.703465,0,1.232351,2.550904,12.355628,
0.988,7.354023,10.704695,0,1.227381,2.54715,12.356135,
0.989,7.364729,10.70592,0,1.222431,2.543411,12.35664,
0.99,7.375435,10.70714,0,1.2175,2.539687,12.357142,
0.991,7.386143,10.708355,0,1.21259,2.535978,12.357643,
0.992,7.396852,10.709565,0,1.2077,2.532284,12.358142,
0.993,7.407562,10.71077,0,1.202829,2.528605,12.358638,
0.994,7.418273,10.711971,0,1.197978,2.524941,12.359133,
0.995,7.428986,10.713166,0,1.193146,2.521292,12.359626,
0.996,7.4397,10.714357,0,1.188334,2.517657,12.360116,
0.997,7.450415,10.715543,0,1.183541,2.514037,12.360605,
0.998,7.461131,10.716724,0,1.178768,2.510432,12.361092,
0.999,7.471848,10.717901,0,1.174014,2.506841,12.361576,
